Business,Analysis,&,Valuation,Using,Financial,Statements
Behavioral,Economics,:,The,Leader,As,Decision,Architect
Corporate,Finance,:,Corporate,Financial,Operations
Crafting,Your,Life,:,The,Tactics,&,Practices,Of,The,First,10,Years,Post,Mba
Creating,Value,Across,Markets,:,Corporate,Strategy
Building,&,Sustaining,A,Successful,Enterprise
Arts,&,Cultural,Entrepreneurship
Projects,In,Investing
Entrepreneurial,Management
Entrepreneurial,Sales,&,Marketing
Contemporary,Developing,Countries,:,Entrepreneurial,Solutions,To,Intractable,Problems
Business,At,The,Base,Of,The,Pyramid
Projects,In,Business,Management
Corporate,Governance,&,Boards,Of,Directors
Entrepreneurial,Finance
Becoming,A,General,Manager
Transforming,Health,Care,Delivery
Product,Management,102
Becoming,A,General,Manager
Creating,Value,Through,Corporate,Restructuring
Challenges,&,Opportunities,In,The,Restaurant,Industry
Projects,In,Business,Management
Entrepreneurship,&,Global,Capitalism
Competitive,Strategy,&,Social,Impact,:,Creating,Shared,Value
Corporate,Misconduct
Deals
Accounting,&,Management
Digital,Innovation,&,Transformation
Creating,Brand,Value
Authentic,Leader,Development
Doing,Business,In,China
Business,",",Government,&,The,International,Economy
Creating,The,Modern,Financial,System
Demystifying,Family,Businesses
Creating,Value,In,Business,&,Government
Corporate,Finance,:,Strategy,&,Finance
E-Commerce
Entrepreneurship,Through,Acquisition
Entrepreneurial,Failure
Private,Equity,Projects,&,Ecosystems
Competing,Globally
Product,Management,101
Cs50,For,Mbas,:,Computer,Science,For,Business,Leaders
Applied,Business,Analytics
Innovating,In,Health,Care
Cs50,For,Mbas,:,Computer,Science,For,Business,Leaders
Designing,Innovative,Businesses,&,The,Regulatory,Environment
Lab,To,Market
Topics,In,Macroeconomics
Endowment,Management
Programming,&,Entrepreneurship
Innovation,&,Reform,In,The,Delivery,Of,Legal,Services
International,Experience,:,Balkans
Speculation,&,Hedging,In,Financial,Markets
Customer,Analytics
Intro,To,Responsible,Business,:,Oil,&,Gas
Fixed,Income
Sports,Analytics
Intellectual,Property
Financial,Inclusion,In,International,Development,:,The,Evolution,From,Microcredit,To,Inclusive,Finance
Introduction,To,Social,Entrepreneurship
World,Financial,History
Nonprofit,Organizations,Clinic
Managing,Strategic,Networks
International,Experience,:,Serbia,&,Croatia
International,Experience,:,New,Zealand
High,Tech,Entrepreneurship
Strategic,Market,Measurement
Sources,&,Uses,Of,Power
Venture,Capital,&,Private,Equity,Investments
Handling,Disruption
Business,Ethics
Macroprudential,Policy
Game,Theory,&,Market,Design
Start-Up,Founder,Studies
Entrepreneurial,Finance
Advanced,Financial,Statement,Analysis
Simulation,Modeling
Interpersonal,Dynamics
Nonmarket,Strategy
Supply,Chain,Management
Innovation,&,Entrepreneurship,In,Public,Health
Taxes,",",Business,&,Strategy
Healthcare,Operations
Personal,Leadership,:,Leading,The,Self,Before,Leading,Others
Investing
Strategies,For,Economic,Development
Financial,Stability,Regulation
Ethical,Choices,In,Public,Leadership
Intro,To,Responsible,Business,:,Oil,&,Wine
Strategic,Communication,:,Delivering,Effective,Presentations
Gse,India,2015-16,Fall2-Spring1
International,Experience,:,South,Africa
Power,&,Politics,In,Organizations
Managing,Sustainable,Operations
Management,Of,Software,Development
Race,&,Gender,In,Corporate,Law,&,Governance
Marketing,&,Sustainability
Energy,Systems,Analysis
Policy,Modeling
Managing,Education,Reform
Decarbonizing,The,Us,Power,Sector,:,Driving,U,S,Climate,Policy,Under,The,Clean,Air,Act
Inclusive,Business,Models
Deals
Metrics,",",Tools,&,Indicators,In,Corporate,Responsibility
Real,Estate,Finance
Financial,Distress,:,Restructuring,Troubled,Entities
Debates,In,Corporate,Law,",",Governance,",",&,Theory
Statistical,Modeling
Mobile,Banking,Models,For,Developed,&,Emerging,Markets
Managing,Global,Catastrophes
Networks,&,Health
International,Experience,:,Indonesia
Practicum,In,Data,Analysis,Using,Stata
Listening,To,The,Customer
Management,Of,Quality
Narratives,In,Health,Media,On,The,Social,Internet
Design,Practicum
Fintech
Decision,Making,With,Data
Freakonomics
Strategic,Marketing,Leadership,:,The,Role,Of,A,Chief,Marketing,Officer
Innovation,In,Government,&,Society
Central,Banking
Negotiations
Introduction,To,Not-For-Profit,Accounting
Game,Theory
Private,Capital,&,Impact,Investing
International,Experience,:,India
Law,&,Economics,Of,Corporate,Control
Investment,In,Social,Change
Sports,Marketing
Intro,To,Responsible,Business,:,Wine,&,Agriculture
Economic,Strategy,For,Doing,Business,In,Developing,Countries
Business,&,The,Environment,Solutions
Capital,Markets
New,Product,Development
Political,Strategies,Of,Multinational,Companies
Managing,Social,Enterprises
Transnational,Corporations,&,Human,Rights
International,Real,Estate
Accounting,&,Finance,Boot,Camp
Rethinking,&,Managing,Talent,In,The,Public,Education,Sector
Advanced,Issues,In,Capital,Markets,:,Role,Of,Counsel,For,Issuers,&,Underwriters,In,An,Initial,Public,Offering
Principles,Of,Entrepreneurship
International,Commercial,Arbitration
The,Global,Corporation
America'S,Future,Role,In,The,Global,Economy
International,Experience,:,Japan
Contemporary,Principles,For,Successful,Entrepreneurship
Financial,Statement,Analysis
The,Design,Of,Business,The,Business,Of,Design
Advanced,Management,Of,Software,Development
Renewable,Energy,Project,Finance
Financing,Green,Technologies
Security,Analysis,&,Valuation,:,Portfolio,Management
Global,Social,Entrepreneurship,:,Indonesia
Strategic,Management,Of,Nonprofit,Organizations
The,Leadership,Lab
Pricing
Marketing,Strategy
Negotiating,&,Drafting,Business,Reorganization,Transactions,In,Chapter,11,Cases
Leading,Non,Market,Strategy,In,African,Business,Environments
Global,Social,Entrepreneurship,:,India
International,Entrepreneurship
Apps,",",Software,",",&,Entrepreneurship
Behavioral,Economics,2,:,Tests,&,Applications
Advanced,Contracts
Problem,Framing
Quantitative,Investing,&,Program,Trading
International,Experience,:,Mexico
Design,&,Marketing,Of,New,Products
Healthcare,Policy,",",Finance,",",&,Economics
Corporate,Innovation,&,Entrepreneurship
Cultural,Entrepreneurship,&,Social,Responsibility
Law,For,Managers
The,Next,China
Property
Current,Issues,In,Corporations,",",Corporate,Governance,",",&,Bankruptcy
Scaling,Up,Practicum
Hedge,Fund,Strategies
Natural,Capital
Financial,Inclusion,&,Development
The,Invention,Of,Desire
Managing,Healthcare,Organizations
Health,Care,Strategy
Security,Analysis,&,Valuation
Behavioral,&,Institutional,Economics
Financial,Instruments,&,Contracts
Strategy,",",Technology,&,War
Behavioral,Finance
Big,Data,&,Customer,Analytics
Strategic,Risk,Management
Design,Practicum,:,Cape,Town
Leadership,Lab
Leading,Business,&,Society
Human,Capital,Strategy
Creativity,&,Innovation
Entrepreneurial,Marketing
Strategies,For,Land,Conservation
Snoc,:,Gnam,Course,:,New,Product,Development
Start-Up,Founder,Practicum
Urban,Poverty,&,Economic,Development
A,History,Of,Financial,Market,Fraud,:,A,Forensic,Approach
Corporate,Finance
Applied,Quantitative,Finance
Entrepreneurship,&,New,Ventures
Sustainability,Finance
International,Investments,Law
Global,Financial,Crisis
Big,Data
Strategy,Making,&,Strategy,Change
International,Experience,:,China
Digital,Strategy
Energy,Technology,Innovation
The,Future,Of,Global,Finance
Portfolio,Management,In,Practice
Business,&,Government,After,Communism
International,Entrepreneurship
Financial,Reporting
Readings,On,The,Corporation,As,A,Social,Actor
Leading,Small,&,Medium,Enterprises
Competitive,Strategy
Management,Leadership,&,Literature
Diversity,&,The,Corporation
Behavioral,Economics,:,The,Psychology,&,Behavior,Of,Individuals,",",Organizations,",",&,Markets
Global,Social,Entrepreneurship,Brazil
Survey,Design,&,Analytics
Monetary,Policy
Cases,In,Commercial,Real,Estate
Successful,Investing
International,Management,&,Organizational,Structures
Practicum,In,Data,Analysis,Using,Stata
What,Happens,If,We,All,Live,Too,Long,?,Public,Policy,&,The,Coming,Retirement,Crisis
