Challenges,&,Opportunities,In,The,Restaurant,Industry
Doing,Business,In,China
Becoming,A,General,Manager
Entrepreneurial,Finance
Corporate,Misconduct
Cs50,For,Mbas,:,Computer,Science,For,Business,Leaders
Corporate,Governance,&,Boards,Of,Directors
Entrepreneurship,Through,Acquisition
Lab,To,Market
Crafting,Your,Life,:,The,Tactics,&,Practices,Of,The,First,10,Years,Post,Mba
Designing,Innovative,Businesses,&,The,Regulatory,Environment
Entrepreneurial,Sales,&,Marketing
Projects,In,Business,Management
E-Commerce
Corporate,Finance,:,Corporate,Financial,Operations
Private,Equity,Projects,&,Ecosystems
Behavioral,Economics,:,The,Leader,As,Decision,Architect
Authentic,Leader,Development
Entrepreneurial,Failure
Business,",",Government,&,The,International,Economy
Projects,In,Business,Management
Creating,Value,In,Business,&,Government
Business,At,The,Base,Of,The,Pyramid
Deals
Projects,In,Investing
Product,Management,101
Demystifying,Family,Businesses
Entrepreneurship,&,Global,Capitalism
Creating,The,Modern,Financial,System
Transforming,Health,Care,Delivery
Creating,Value,Through,Corporate,Restructuring
Creating,Value,Across,Markets,:,Corporate,Strategy
Becoming,A,General,Manager
Arts,&,Cultural,Entrepreneurship
Innovating,In,Health,Care
Creating,Brand,Value
Cs50,For,Mbas,:,Computer,Science,For,Business,Leaders
Product,Management,102
Corporate,Finance,:,Strategy,&,Finance
Digital,Innovation,&,Transformation
Business,Analysis,&,Valuation,Using,Financial,Statements
Applied,Business,Analytics
Building,&,Sustaining,A,Successful,Enterprise
Competitive,Strategy,&,Social,Impact,:,Creating,Shared,Value
Competing,Globally
Contemporary,Developing,Countries,:,Entrepreneurial,Solutions,To,Intractable,Problems
Entrepreneurial,Management
Accounting,&,Management
The,Design,Of,Business,The,Business,Of,Design
Strategic,Management,Of,Nonprofit,Organizations
Debates,In,Corporate,Law,",",Governance,",",&,Theory
Behavioral,&,Institutional,Economics
Security,Analysis,&,Valuation,:,Portfolio,Management
The,Next,China
International,Commercial,Arbitration
Management,Of,Software,Development
Interpersonal,Dynamics
Ethical,Choices,In,Public,Leadership
Big,Data
Competition,Economics,&,Policy
Strategies,For,Economic,Development
Behavioral,Strategies,For,Selling,New,Products,In,Emerging,Markets
Marketing,Strategy
Nonprofit,Organizations,Clinic
Nonmarket,Strategy
Urban,Resilience
Diversity,&,The,Corporation
International,Management,&,Organizational,Structures
Data,Analysis,&,Causal,Inference
Decision,Making,With,Data
Strategies,For,Land,Conservation
Pricing,Strategy
International,Experience,:,New,Zealand
International,Entrepreneurship
The,Regulation,Of,Financial,Institutions,&,Activities,After,The,Financial,Crisis
Behavioral,Economics,2,:,Tests,&,Applications
Introduction,To,Not-For-Profit,Accounting
Financial,Instruments,&,Contracts
Practicum,In,Data,Analysis,Using,Stata
Financial,Statement,Analysis
Supply,Chain,Management
International,Experience,:,India
Advanced,Management,Of,Software,Development
Networks,&,Health
12,Design,Ideas,That,Changed,The,World
Managing,Strategic,Networks
The,Global,Corporation
Inclusive,Economic,Development,Lab,:,Opportunity,Zones,In,New,Haven
Business,&,The,Environment,Solutions
Leading,Small,&,Medium,Enterprises
Fixed,Income
Healthcare,Policy,",",Finance,",",&,Economics
Personal,Finance
Successful,Investing
Managing,Social,Enterprises
A,History,Of,Financial,Market,Fraud,:,A,Forensic,Approach
Healthcare,Operations
Political,Strategies,Of,Multinational,Companies
Property
Managing,Education,Reform
New,Product,Development
Behavioral,Economics,:,The,Psychology,&,Behavior,Of,Individuals,",",Organizations,",",&,Markets
World,Financial,History
Financing,Green,Technologies
Investment,Management
Readings,On,The,Corporation,As,A,Social,Actor
Monetary,Policy
International,Experience,:,Indonesia
Managing,Sustainable,Operations
Managing,Global,Catastrophes
Public,Sector,Economics
Strategic,Market,Measurement
Social,Entrepreneurship,&,Systems,Leadership
Innovation,In,Government,&,Society
Evolution,Of,Central,Banking,&,Responses,To,Crises
America'S,Future,Role,In,The,Global,Economy
What,Happens,If,We,All,Live,Too,Long,?,Public,Policy,&,The,Coming,Retirement,Crisis
Investment,In,Social,Change
Entrepreneurial,Finance
Urban,Poverty,&,Economic,Development
Contemporary,Principles,For,Successful,Entrepreneurship
Simulation,Modeling
Private,Capital,&,Impact,Investing
Entrepreneurship,&,New,Ventures
Cases,In,Commercial,Real,Estate
Sports,Analytics
Big,Data,&,Customer,Analytics
Renewable,Energy,Project,Finance
Human,Capital,Strategy
Design,Practicum,:,Cape,Town
Transnational,Corporations,&,Human,Rights
Leading,Non,Market,Strategy,In,African,Business,Environments
Gse,India,2015-16,Fall2-Spring1
Power,&,Politics
Creating,Healthcare,&,Life,Science,Ventures
Apps,",",Software,",",&,Entrepreneurship
Operations,Strategy
Entrepreneurship,Through,Acquisition
Power,&,Politics,In,Organizations
Leadership,Lab
Investing
Corporate,Environment,Management
Customer,Analytics
Entrepreneurial,Marketing
Global,Social,Entrepreneurship,Brazil
International,Real,Estate
Managing,Strategic,Technology,Portfolios
Advanced,Competition,",",Economics,&,Policy
Revenue,Management
Strategic,Leadership,Across,Sectors
Statistical,Modeling
Race,&,Gender,In,Corporate,Law,&,Governance
Portfolio,Management,In,Practice
International,Experience,:,Mexico
Sustainable,Innovation,In,Healthcare
International,Experience,:,Serbia,&,Croatia
Leading,Business,&,Society
Financial,Reporting
Mobile,Banking,Models,For,Developed,&,Emerging,Markets
Global,Social,Entrepreneurship
Advanced,Issues,In,Capital,Markets,:,Role,Of,Counsel,For,Issuers,&,Underwriters,In,An,Initial,Public,Offering
International,Experience,:,Japan
Sports,Marketing
Current,Issues,In,Corporations,",",Corporate,Governance,",",&,Bankruptcy
Corporate,Finance
Real,Estate,Finance,For,Institutional,Investors
Financial,Inclusion,In,International,Development,:,The,Evolution,From,Microcredit,To,Inclusive,Finance
Negotiations
Health,Care,Strategy
Fintech
Start-Up,Founder,Studies
Speculation,&,Hedging,In,Financial,Markets
Problem,Framing
Strategy,Making,&,Strategy,Change
Law,&,Economics,Of,Corporate,Control
Strategic,Communication,:,Delivering,Effective,Presentations
Behavioral,Finance
Global,Financial,Crisis
Survey,Design,&,Analytics
Innovation,&,Reform,In,The,Delivery,Of,Legal,Services
Endowment,Management
Macroprudential,Policy
Managing,Healthcare,Organizations
Business,&,Government,After,Communism
International,Investments,Law
Advanced,Customer,Analytics
Cultural,Entrepreneurship,&,Social,Responsibility
Economic,Strategy,For,Doing,Business,In,Developing,Countries
Management,Leadership,&,Humanities
High,Tech,Entrepreneurship
Advanced,Contracts
Quantitative,Investing,&,Program,Trading
Strategic,Risk,Management
Digital,Strategy
Principles,Of,Entrepreneurship
The,Leadership,Lab
Programming,&,Entrepreneurship
Decarbonizing,The,Us,Power,Sector,:,Driving,U,S,Climate,Policy,Under,The,Clean,Air,Act
Intro,To,Responsible,Business,:,Wine,&,Agriculture
Energy,Systems,Analysis
Security,Analysis,&,Valuation
Law,For,Managers
Rethinking,&,Managing,Talent,In,The,Public,Education,Sector
Consumer,Financial,Decision,Making
Corporate,Innovation,&,Entrepreneurship
Taxes,",",Business,&,Strategy
Managerial,Controls
Game,Theory,&,Market,Design
International,Experience,:,Serbia,",",Croatia,",",Bosnia
Hedge,Fund,Strategies
Accounting,&,Finance,Boot,Camp
International,Experience,:,China
Consumer,Behavior
International,Experience,:,Balkans
Game,Theory
Topics,In,Macroeconomics
Intro,To,Responsible,Business,:,Oil,&,Wine
Business,Ethics
International,Experience,:,Peru
International,Experience,:,Israel
Applied,Quantitative,Finance
Negotiating,&,Drafting,Business,Reorganization,Transactions,In,Chapter,11,Cases
Venture,Capital,&,Private,Equity,Investments
Sources,&,Uses,Of,Power
Handling,Disruption
Real,Estate,Finance
Marketing,&,Sustainability
Policy,Modeling
International,Experience,:,South,Africa
